{"cameraMode":{"drawMode":0,"name":"Shaded","section":"Shading Mode"},"sceneLighting":true,"audioPlay":false,"sceneViewState":{"m_AlwaysRefresh":false,"showFog":true,"showSkybox":true,"showFlares":true,"showImageEffects":true,"showParticleSystems":true,"showVisualEffectGraphs":true,"m_FxEnabled":true},"in2DMode":false,"pivot":{"x":-10.050403594970704,"y":-7.664467811584473,"z":6.799195766448975},"rotation":{"x":-0.22599773108959199,"y":0.41120070219039919,"z":-0.10601235926151276,"w":-0.8766326904296875},"size":14.212785720825196,"orthographic":false}